{
  "final_round": "Round3",
  "final_round_metrics": {
    "acc": 0.8447488584474886,
    "prec": 0.7807885573695295,
    "rec": 0.8447488584474886,
    "f1": 0.8010919197935278,
    "auc": 0.0
  },
  "overall_average_metrics": {
    "acc": 0.8436518984200571,
    "prec": 0.7780276083036742,
    "rec": 0.8436518984200571,
    "f1": 0.7992918103825722,
    "auc": 0.0
  }
}